{
  "accuracy": 0.9964,
  "f1_macro": 0.9964,
  "cv_f1_mean": 0.9966,
  "cv_f1_std": 0.0019,
  "samples_per_class": 500,
  "total_samples": 5500,
  "train_size": 4400,
  "test_size": 1100,
  "labels": [
    "attestation_fiscale",
    "attestation_siret",
    "attestation_urssaf",
    "avoir",
    "bon_commande",
    "contrat",
    "devis",
    "facture",
    "kbis",
    "note_frais",
    "rib"
  ],
  "ocr_noise_applied": true,
  "noise_levels": {
    "clean": "40%",
    "light_2pct": "25%",
    "medium_5pct": "20%",
    "heavy_8pct": "15%"
  },
  "classification_report": {
    "attestation_fiscale": {
      "precision": 1.0,
      "recall": 1.0,
      "f1-score": 1.0,
      "support": 100.0
    },
    "attestation_siret": {
      "precision": 0.9900990099009901,
      "recall": 1.0,
      "f1-score": 0.9950248756218906,
      "support": 100.0
    },
    "attestation_urssaf": {
      "precision": 1.0,
      "recall": 0.99,
      "f1-score": 0.9949748743718593,
      "support": 100.0
    },
    "avoir": {
      "precision": 1.0,
      "recall": 0.99,
      "f1-score": 0.9949748743718593,
      "support": 100.0
    },
    "bon_commande": {
      "precision": 0.9900990099009901,
      "recall": 1.0,
      "f1-score": 0.9950248756218906,
      "support": 100.0
    },
    "contrat": {
      "precision": 1.0,
      "recall": 1.0,
      "f1-score": 1.0,
      "support": 100.0
    },
    "devis": {
      "precision": 0.9900990099009901,
      "recall": 1.0,
      "f1-score": 0.9950248756218906,
      "support": 100.0
    },
    "facture": {
      "precision": 1.0,
      "recall": 0.99,
      "f1-score": 0.9949748743718593,
      "support": 100.0
    },
    "kbis": {
      "precision": 1.0,
      "recall": 0.99,
      "f1-score": 0.9949748743718593,
      "support": 100.0
    },
    "note_frais": {
      "precision": 1.0,
      "recall": 1.0,
      "f1-score": 1.0,
      "support": 100.0
    },
    "rib": {
      "precision": 0.9900990099009901,
      "recall": 1.0,
      "f1-score": 0.9950248756218906,
      "support": 100.0
    },
    "accuracy": 0.9963636363636363,
    "macro avg": {
      "precision": 0.9963996399639964,
      "recall": 0.9963636363636365,
      "f1-score": 0.9963635454522727,
      "support": 1100.0
    },
    "weighted avg": {
      "precision": 0.9963996399639965,
      "recall": 0.9963636363636363,
      "f1-score": 0.9963635454522726,
      "support": 1100.0
    }
  },
  "confusion_matrix": [
    [
      100,
      0,
      0,
      0,
      0,
      0,
      0,
      0,
      0,
      0,
      0
    ],
    [
      0,
      100,
      0,
      0,
      0,
      0,
      0,
      0,
      0,
      0,
      0
    ],
    [
      0,
      0,
      99,
      0,
      0,
      0,
      0,
      0,
      0,
      0,
      1
    ],
    [
      0,
      0,
      0,
      99,
      0,
      0,
      1,
      0,
      0,
      0,
      0
    ],
    [
      0,
      0,
      0,
      0,
      100,
      0,
      0,
      0,
      0,
      0,
      0
    ],
    [
      0,
      0,
      0,
      0,
      0,
      100,
      0,
      0,
      0,
      0,
      0
    ],
    [
      0,
      0,
      0,
      0,
      0,
      0,
      100,
      0,
      0,
      0,
      0
    ],
    [
      0,
      0,
      0,
      0,
      1,
      0,
      0,
      99,
      0,
      0,
      0
    ],
    [
      0,
      1,
      0,
      0,
      0,
      0,
      0,
      0,
      99,
      0,
      0
    ],
    [
      0,
      0,
      0,
      0,
      0,
      0,
      0,
      0,
      0,
      100,
      0
    ],
    [
      0,
      0,
      0,
      0,
      0,
      0,
      0,
      0,
      0,
      0,
      100
    ]
  ],
  "trained_at": "2026-03-18T07:57:35.584271"
}